{"cameraMode":{"drawMode":0,"name":"Shaded","section":"Shading Mode"},"sceneLighting":true,"audioPlay":false,"sceneViewState":{"showFog":true,"showMaterialUpdate":true,"showSkybox":true,"showFlares":true,"showImageEffects":true,"showParticleSystems":true},"in2DMode":false,"pivot":{"x":17.370464324951173,"y":-1.9609265327453614,"z":-9.202812194824219},"rotation":{"x":0.06102806702256203,"y":0.8253651857376099,"z":-0.08928482979536057,"w":0.5549928545951843},"size":35.39096450805664,"orthographic":false}